cotacaoCompra,cotacaoVenda,dataHoraCotacao,tipoBoletim
4.4877,4.49,2020-01-02 10:08:18.114,Abertura
4.4912,4.4931,2020-01-02 11:03:40.704,Intermediário
4.5025,4.5048,2020-01-02 12:10:55.168,Intermediário
4.5138,4.516,2020-01-02 13:11:10.756,Intermediário
4.5028,4.5051,2020-01-02 13:11:10.762,Fechamento
4.5259,4.5281,2020-01-03 10:02:59.116,Abertura
4.5142,4.5165,2020-01-03 11:09:00.518,Intermediário
4.517,4.5189,2020-01-03 12:08:53.204,Intermediário
4.513,4.5153,2020-01-03 13:06:22.603,Intermediário
4.5224,4.5247,2020-01-03 13:06:22.606,Fechamento
4.5463,4.5474,2020-01-06 10:14:37.53,Abertura
4.5446,4.5461,2020-01-06 11:09:23.876,Intermediário
4.5306,4.5316,2020-01-06 12:18:18.634,Intermediário
4.5304,4.5322,2020-01-06 13:03:22.266,Intermediário
4.5365,4.5384,2020-01-06 13:03:22.271,Fechamento
4.5609,4.5632,2020-01-07 10:06:39.257,Abertura
4.5569,4.5592,2020-01-07 11:03:32.327,Intermediário
4.5521,4.5544,2020-01-07 12:26:42.26,Intermediário
4.5483,4.5502,2020-01-07 13:06:14.595,Intermediário
4.5494,4.5513,2020-01-07 13:06:14.601,Fechamento
4.5179,4.5202,2020-01-08 10:05:40.662,Abertura
4.5163,4.5182,2020-01-08 11:09:36.449,Intermediário
4.5247,4.5266,2020-01-08 12:10:30.469,Intermediário
4.5271,4.5294,2020-01-08 13:03:56.072,Intermediário
4.5212,4.5235,2020-01-08 13:03:56.075,Fechamento
4.5191,4.5202,2020-01-09 10:11:38.405,Abertura
4.5259,4.5282,2020-01-09 11:09:47.066,Intermediário
4.5318,4.5341,2020-01-09 12:06:49.288,Intermediário
4.5237,4.526,2020-01-09 13:03:52.66,Intermediário
4.5219,4.5242,2020-01-09 13:03:52.663,Fechamento
4.5215,4.5238,2020-01-10 10:02:19.222,Abertura
4.5235,4.5258,2020-01-10 11:04:17.121,Intermediário
4.518,4.5195,2020-01-10 12:08:16.824,Intermediário
4.5253,4.5276,2020-01-10 13:10:19.922,Intermediário
4.5265,4.5288,2020-01-10 13:10:19.927,Fechamento
4.5801,4.5816,2020-01-13 10:04:20.325,Abertura
4.5908,4.5927,2020-01-13 11:07:21.173,Intermediário
4.6006,4.6025,2020-01-13 12:11:16.68,Intermediário
4.6059,4.6069,2020-01-13 13:15:38.684,Intermediário
4.5978,4.5989,2020-01-13 13:15:38.695,Fechamento
4.6132,4.6151,2020-01-14 10:08:18.424,Abertura
4.5966,4.5989,2020-01-14 11:04:17.22,Intermediário
4.6098,4.6117,2020-01-14 12:11:16.706,Intermediário
4.6059,4.6082,2020-01-14 13:02:47.913,Intermediário
4.6078,4.6101,2020-01-14 13:02:47.919,Fechamento
4.6232,4.6251,2020-01-15 10:06:17.359,Abertura
4.637,4.6389,2020-01-15 11:07:18.009,Intermediário
4.6426,4.6437,2020-01-15 12:05:19.113,Intermediário
4.6544,4.6563,2020-01-15 13:10:59.946,Intermediário
4.6406,4.6425,2020-01-15 13:10:59.957,Fechamento
4.6485,4.6508,2020-01-16 10:09:19.189,Abertura
4.651,4.6529,2020-01-16 11:06:17.315,Intermediário
4.6481,4.6504,2020-01-16 12:07:17.801,Intermediário
4.6559,4.6578,2020-01-16 13:04:37.341,Intermediário
4.6472,4.6491,2020-01-16 13:04:37.351,Fechamento
4.6454,4.6473,2020-01-17 10:11:17.243,Abertura
4.6415,4.6425,2020-01-17 11:06:16.801,Intermediário
4.6442,4.6453,2020-01-17 12:11:17.14,Intermediário
4.6422,4.6446,2020-01-17 13:09:30.091,Intermediário
4.6399,4.6422,2020-01-17 13:09:30.096,Fechamento
4.6335,4.6358,2020-01-20 10:05:20.819,Abertura
4.6346,4.6357,2020-01-20 11:03:19.493,Intermediário
4.6353,4.6376,2020-01-20 12:10:17.845,Intermediário
4.6353,4.6376,2020-01-20 13:09:02.858,Intermediário
4.6344,4.6367,2020-01-20 13:09:02.871,Fechamento
4.6671,4.6682,2020-01-21 10:05:17.454,Abertura
4.6665,4.668,2020-01-21 11:10:18.151,Intermediário
4.6631,4.6654,2020-01-21 12:04:17.384,Intermediário
4.6621,4.6645,2020-01-21 13:27:18.059,Intermediário
4.6608,4.6631,2020-01-21 13:27:18.065,Fechamento
4.6442,4.6457,2020-01-22 10:03:19.569,Abertura
4.6454,4.6477,2020-01-22 11:05:18.057,Intermediário
4.6396,4.642,2020-01-22 12:07:18.832,Intermediário
4.6315,4.6338,2020-01-22 13:08:04.683,Intermediário
4.6381,4.6405,2020-01-22 13:08:04.695,Fechamento
4.6225,4.6248,2020-01-23 10:09:19.529,Abertura
4.6094,4.6105,2020-01-23 11:08:17.537,Intermediário
4.6091,4.6114,2020-01-23 12:09:18.547,Intermediário
4.6045,4.6068,2020-01-23 13:08:34.196,Intermediário
4.6005,4.6028,2020-01-23 13:08:34.201,Fechamento
4.6057,4.6076,2020-01-24 10:10:18.636,Abertura
4.6083,4.6106,2020-01-24 11:10:18.789,Intermediário
4.5998,4.6018,2020-01-24 12:05:17.697,Intermediário
4.6107,4.613,2020-01-24 13:05:24.08,Intermediário
4.604,4.6063,2020-01-24 13:05:24.087,Fechamento
4.6462,4.6477,2020-01-27 10:05:22.428,Abertura
4.6467,4.649,2020-01-27 11:06:20.802,Intermediário
4.6496,4.652,2020-01-27 12:09:17.992,Intermediário
4.6526,4.6549,2020-01-27 13:08:38.836,Intermediário
4.6455,4.6479,2020-01-27 13:08:38.846,Fechamento
4.6187,4.6202,2020-01-28 10:11:19.208,Abertura
4.6254,4.6265,2020-01-28 11:05:17.818,Intermediário
4.6318,4.6342,2020-01-28 12:05:17.701,Intermediário
4.6336,4.6359,2020-01-28 13:06:50.704,Intermediário
4.6255,4.6279,2020-01-28 13:06:50.714,Fechamento
4.6025,4.604,2020-01-29 10:07:17.349,Abertura
4.6164,4.6179,2020-01-29 11:07:16.736,Intermediário
4.6221,4.624,2020-01-29 12:05:17.454,Intermediário
4.6339,4.6363,2020-01-29 13:07:33.89,Intermediário
4.6195,4.6219,2020-01-29 13:07:33.896,Fechamento
4.681,4.683,2020-01-30 10:09:17.182,Abertura
4.6786,4.681,2020-01-30 11:06:17.216,Intermediário
4.6784,4.6807,2020-01-30 12:10:17.971,Intermediário
4.7131,4.715,2020-01-30 13:02:39.329,Intermediário
4.6913,4.6933,2020-01-30 13:02:39.338,Fechamento
4.7048,4.7063,2020-01-31 10:04:17.113,Abertura
4.7132,4.7156,2020-01-31 11:08:17.136,Intermediário
4.7318,4.7342,2020-01-31 12:11:17.017,Intermediário
4.7354,4.7378,2020-01-31 13:10:35.361,Intermediário
4.7291,4.7315,2020-01-31 13:10:35.372,Fechamento
4.7156,4.718,2020-02-03 10:11:22.451,Abertura
4.7002,4.7025,2020-02-03 11:02:18.791,Intermediário
4.6762,4.6785,2020-02-03 12:10:18.883,Intermediário
4.6853,4.6877,2020-02-03 13:09:28.129,Intermediário
4.6945,4.6969,2020-02-03 13:09:28.141,Fechamento
4.6714,4.6738,2020-02-04 10:05:17.563,Abertura
4.6774,4.6784,2020-02-04 11:02:17.597,Intermediário
4.6858,4.6873,2020-02-04 12:05:18.592,Intermediário
4.6797,4.6821,2020-02-04 13:04:20.436,Intermediário
4.6765,4.6789,2020-02-04 13:04:20.446,Fechamento
4.6653,4.6664,2020-02-05 10:05:16.989,Abertura
4.6671,4.6682,2020-02-05 11:08:17.373,Intermediário
4.6738,4.6761,2020-02-05 12:02:17.467,Intermediário
4.6836,4.6859,2020-02-05 13:11:41.528,Intermediário
4.6687,4.6711,2020-02-05 13:11:41.541,Fechamento
4.6502,4.6513,2020-02-06 10:04:17.393,Abertura
4.6582,4.6597,2020-02-06 11:11:17.2,Intermediário
4.68,4.6824,2020-02-06 12:04:17.73,Intermediário
4.6832,4.6855,2020-02-06 13:05:35.384,Intermediário
4.6608,4.6631,2020-02-06 13:05:35.389,Fechamento
4.7052,4.7067,2020-02-07 10:10:17.819,Abertura
4.7155,4.7174,2020-02-07 11:08:17.299,Intermediário
4.739,4.7414,2020-02-07 12:08:18.393,Intermediário
4.727,4.7286,2020-02-07 13:10:22.144,Intermediário
4.7213,4.7229,2020-02-07 13:10:22.152,Fechamento
4.7282,4.7306,2020-02-10 10:03:18.705,Abertura
4.7247,4.7271,2020-02-10 11:09:17.36,Intermediário
4.7241,4.726,2020-02-10 12:08:16.607,Intermediário
4.7088,4.7112,2020-02-10 13:11:54.274,Intermediário
4.7171,4.7195,2020-02-10 13:11:54.282,Fechamento
4.7003,4.7022,2020-02-11 10:05:20.753,Abertura
4.7076,4.71,2020-02-11 11:04:17.933,Intermediário
4.7063,4.7087,2020-02-11 12:09:17.657,Intermediário
4.7135,4.7159,2020-02-11 13:05:32.478,Intermediário
4.7085,4.7109,2020-02-11 13:05:32.491,Fechamento
4.7268,4.7291,2020-02-12 10:11:16.612,Abertura
4.7227,4.7238,2020-02-12 11:05:17.97,Intermediário
4.7301,4.7324,2020-02-12 12:05:17.214,Intermediário
4.7304,4.7319,2020-02-12 13:04:06.66,Intermediário
4.7236,4.7252,2020-02-12 13:04:06.668,Fechamento
4.7591,4.7615,2020-02-13 10:04:19.447,Abertura
4.6928,4.6948,2020-02-13 11:08:17.545,Intermediário
4.6909,4.692,2020-02-13 12:05:17.968,Intermediário
4.693,4.6953,2020-02-13 13:03:19.325,Intermediário
4.7053,4.7077,2020-02-13 13:03:19.33,Fechamento
4.6918,4.6929,2020-02-14 10:07:18.579,Abertura
4.6817,4.6836,2020-02-14 11:08:18.267,Intermediário
4.677,4.6785,2020-02-14 12:10:18.874,Intermediário
4.677,4.679,2020-02-14 13:08:03.662,Intermediário
4.6804,4.6823,2020-02-14 13:08:03.668,Fechamento
4.6669,4.6692,2020-02-17 10:08:19.595,Abertura
4.6756,4.6777,2020-02-17 11:06:19.299,Intermediário
4.6836,4.686,2020-02-17 12:03:17.633,Intermediário
4.6734,4.6757,2020-02-17 13:11:27.687,Intermediário
4.6724,4.6748,2020-02-17 13:11:27.747,Fechamento
4.6938,4.6949,2020-02-18 10:05:17.78,Abertura
4.7017,4.7028,2020-02-18 11:06:18.593,Intermediário
4.6933,4.6956,2020-02-18 12:09:16.397,Intermediário
4.7063,4.7087,2020-02-18 13:09:26.61,Intermediário
4.7033,4.7057,2020-02-18 13:09:26.62,Fechamento
4.7171,4.7195,2020-02-19 10:07:17.113,Abertura
4.7188,4.7199,2020-02-19 11:02:18.81,Intermediário
4.7187,4.7211,2020-02-19 12:04:17.459,Intermediário
4.719,4.7214,2020-02-19 13:08:44.99,Intermediário
4.7176,4.72,2020-02-19 13:08:44.995,Fechamento
4.7289,4.7313,2020-02-20 10:02:19.16,Abertura
4.7353,4.7372,2020-02-20 11:04:17.476,Intermediário
4.7426,4.7446,2020-02-20 12:04:18.287,Intermediário
4.7462,4.7486,2020-02-20 13:08:28.642,Intermediário
4.7381,4.7405,2020-02-20 13:08:28.652,Fechamento
4.7519,4.7543,2020-02-21 10:11:19.138,Abertura
4.7535,4.7559,2020-02-21 11:07:17.622,Intermediário
4.7538,4.7562,2020-02-21 12:09:17.999,Intermediário
4.7533,4.7544,2020-02-21 13:09:36.988,Intermediário
4.766,4.7671,2020-02-21 13:09:36.995,Fechamento
4.824,4.8264,2020-02-26 14:35:51.807,Abertura
4.8271,4.8282,2020-02-26 15:42:42.032,Intermediário
4.8247,4.8258,2020-02-26 15:42:42.037,Fechamento
4.8903,4.8914,2020-02-27 10:04:17.626,Abertura
4.9188,4.9203,2020-02-27 11:10:17.118,Intermediário
4.9262,4.9287,2020-02-27 12:09:18.141,Intermediário
4.9124,4.9148,2020-02-27 13:07:20.61,Intermediário
4.9158,4.9182,2020-02-27 13:07:20.618,Fechamento
4.927,4.9295,2020-02-28 10:08:36.408,Abertura
4.9367,4.9391,2020-02-28 11:08:36.619,Intermediário
4.9373,4.9398,2020-02-28 12:08:54.231,Intermediário
4.9555,4.958,2020-02-28 13:02:27.204,Intermediário
4.9403,4.9427,2020-02-28 13:02:27.207,Fechamento
4.9901,4.9916,2020-03-02 10:11:21.973,Abertura
4.9963,4.9983,2020-03-02 11:11:18.196,Intermediário
5.0061,5.0086,2020-03-02 12:11:18.796,Intermediário
4.9988,5.0013,2020-03-02 13:05:37.077,Intermediário
5.0014,5.0038,2020-03-02 13:05:37.087,Fechamento
5.0045,5.0066,2020-03-03 10:10:18.371,Abertura
5.01,5.012,2020-03-03 11:09:17.962,Intermediário
4.9876,4.99,2020-03-03 12:10:18.99,Intermediário
4.9849,4.9874,2020-03-03 13:06:38.226,Intermediário
5.0159,5.0184,2020-03-03 13:06:38.231,Fechamento
5.0057,5.0082,2020-03-04 10:04:28.272,Abertura
5.0315,5.0335,2020-03-04 11:08:17.374,Intermediário
5.0391,5.0411,2020-03-04 12:07:17.483,Intermediário
5.056,5.0585,2020-03-04 13:05:28.133,Intermediário
5.0393,5.0417,2020-03-04 13:05:28.14,Fechamento
5.1437,5.1462,2020-03-05 10:11:20.042,Abertura
5.158,5.1605,2020-03-05 11:09:18.135,Intermediário
5.1778,5.1803,2020-03-05 12:03:18.805,Intermediário
5.1942,5.1967,2020-03-05 13:08:18.937,Intermediário
5.1676,5.1701,2020-03-05 13:08:18.942,Fechamento
5.2725,5.2741,2020-03-06 10:02:18.281,Abertura
5.2722,5.2747,2020-03-06 11:08:17.902,Intermediário
5.2728,5.2754,2020-03-06 12:07:18.03,Intermediário
5.222,5.2246,2020-03-06 13:06:46.777,Intermediário
5.2534,5.2559,2020-03-06 13:06:46.785,Fechamento
5.4078,5.409,2020-03-09 10:07:19.863,Abertura
5.4267,5.4284,2020-03-09 11:06:18.168,Intermediário
5.4067,5.4092,2020-03-09 12:10:17.292,Intermediário
5.4033,5.4049,2020-03-09 13:03:51.85,Intermediário
5.4109,5.4126,2020-03-09 13:03:51.869,Fechamento
5.3198,5.3219,2020-03-10 10:08:17.992,Abertura
5.3048,5.3073,2020-03-10 11:02:18.318,Intermediário
5.3072,5.3092,2020-03-10 12:08:17.501,Intermediário
5.2917,5.2933,2020-03-10 13:10:44.437,Intermediário
5.2948,5.2964,2020-03-10 13:10:44.443,Fechamento
5.2927,5.2952,2020-03-11 10:02:17.207,Abertura
5.2906,5.2931,2020-03-11 11:03:27.471,Intermediário
5.2818,5.2834,2020-03-11 12:09:18.028,Intermediário
5.2875,5.29,2020-03-11 13:09:36.986,Intermediário
5.2704,5.273,2020-03-11 13:09:36.99,Fechamento
5.4946,5.4977,2020-03-12 10:09:51.034,Abertura
5.5022,5.5052,2020-03-12 11:11:43.247,Intermediário
5.4319,5.4332,2020-03-12 12:03:17.913,Intermediário
5.3837,5.3865,2020-03-12 13:04:43.133,Intermediário
5.4098,5.4126,2020-03-12 13:04:43.137,Fechamento
5.2604,5.2621,2020-03-13 10:03:18.875,Abertura
5.236,5.2387,2020-03-13 11:05:39.133,Intermediário
5.2456,5.2473,2020-03-13 12:06:17.837,Intermediário
5.2872,5.2898,2020-03-13 13:11:29.529,Intermediário
5.2413,5.2439,2020-03-13 13:11:29.534,Fechamento
5.499,5.5002,2020-03-16 10:02:59.054,Abertura
5.5157,5.5185,2020-03-16 11:08:21.457,Intermediário
5.4788,5.4814,2020-03-16 12:10:40.989,Intermediário
5.5422,5.5449,2020-03-16 13:08:35.248,Intermediário
5.5078,5.5106,2020-03-16 13:08:35.261,Fechamento
5.5354,5.5382,2020-03-17 10:07:19.053,Abertura
5.5889,5.5917,2020-03-17 11:09:19.021,Intermediário
5.5431,5.5459,2020-03-17 12:09:52.702,Intermediário
5.5069,5.5091,2020-03-17 13:05:19.722,Intermediário
5.5391,5.5414,2020-03-17 13:05:19.726,Fechamento
5.6328,5.6355,2020-03-18 10:06:19.017,Abertura
5.5584,5.5602,2020-03-18 11:03:17.966,Intermediário
5.5091,5.5119,2020-03-18 12:09:39.022,Intermediário
5.5455,5.5483,2020-03-18 13:06:00.422,Intermediário
5.5347,5.5374,2020-03-18 13:06:00.426,Fechamento
5.5631,5.5654,2020-03-19 10:03:35.632,Abertura
5.5408,5.5435,2020-03-19 11:05:23.244,Intermediário
5.5369,5.5397,2020-03-19 12:10:17.93,Intermediário
5.5234,5.5246,2020-03-19 13:08:32.094,Intermediário
5.5032,5.5045,2020-03-19 13:08:32.134,Fechamento
5.39,5.3928,2020-03-20 10:05:18.225,Abertura
5.3856,5.3883,2020-03-20 11:11:16.672,Intermediário
5.3805,5.3823,2020-03-20 12:02:19.807,Intermediário
5.3485,5.3507,2020-03-20 13:03:05.607,Intermediário
5.3693,5.3715,2020-03-20 13:03:05.621,Fechamento
5.4505,5.4531,2020-03-23 10:07:20.232,Abertura
5.4547,5.4573,2020-03-23 11:10:17.792,Intermediário
5.4844,5.4856,2020-03-23 12:09:01.167,Intermediário
5.5191,5.5219,2020-03-23 13:03:28.797,Intermediário
5.4648,5.4676,2020-03-23 13:03:28.802,Fechamento
5.4897,5.4924,2020-03-24 10:03:18.753,Abertura
5.4839,5.4876,2020-03-24 11:11:16.64,Intermediário
5.4622,5.4633,2020-03-24 12:04:16.496,Intermediário
5.4732,5.4769,2020-03-24 13:10:59.452,Intermediário
5.4718,5.4755,2020-03-24 13:10:59.458,Fechamento
5.4964,5.4991,2020-03-25 10:04:17.367,Abertura
5.4813,5.484,2020-03-25 11:02:19.386,Intermediário
5.4764,5.4781,2020-03-25 12:03:16.947,Intermediário
5.4733,5.476,2020-03-25 13:11:38.02,Intermediário
5.4918,5.4945,2020-03-25 13:11:38.026,Fechamento
5.4927,5.4953,2020-03-26 10:02:20.379,Abertura
5.4886,5.4912,2020-03-26 11:05:16.92,Intermediário
5.4918,5.4945,2020-03-26 12:07:16.323,Intermediário
5.506,5.5087,2020-03-26 13:05:39.868,Intermediário
5.5114,5.5141,2020-03-26 13:05:39.872,Fechamento
5.5927,5.5954,2020-03-27 10:06:16.984,Abertura
5.613,5.6147,2020-03-27 11:04:17.365,Intermediário
5.624,5.6267,2020-03-27 12:02:19.53,Intermediário
5.6694,5.6716,2020-03-27 13:10:27.596,Intermediário
5.651,5.6532,2020-03-27 13:10:27.606,Fechamento
5.6812,5.6839,2020-03-30 10:11:20.371,Abertura
5.6995,5.7017,2020-03-30 11:04:18.527,Intermediário
5.6737,5.6764,2020-03-30 12:09:17.889,Intermediário
5.6883,5.691,2020-03-30 13:07:22.253,Intermediário
5.6824,5.6851,2020-03-30 13:07:22.267,Fechamento
5.7118,5.713,2020-03-31 10:11:17.833,Abertura
5.6981,5.6993,2020-03-31 11:02:18.53,Intermediário
5.6916,5.6933,2020-03-31 12:07:16.856,Intermediário
5.7221,5.7238,2020-03-31 13:12:19.562,Intermediário
5.7247,5.7264,2020-03-31 13:12:19.577,Fechamento
5.7239,5.7267,2020-04-01 10:05:20.843,Abertura
5.7143,5.717,2020-04-01 11:05:18.123,Intermediário
5.7148,5.7175,2020-04-01 12:11:18.327,Intermediário
5.7473,5.75,2020-04-01 13:08:11.535,Intermediário
5.7277,5.7304,2020-04-01 13:08:11.547,Fechamento
5.7235,5.7257,2020-04-02 10:08:18.122,Abertura
5.7209,5.7237,2020-04-02 11:08:16.465,Intermediário
5.7117,5.7144,2020-04-02 12:05:16.117,Intermediário
5.7177,5.7194,2020-04-02 13:08:04.979,Intermediário
5.7178,5.7195,2020-04-02 13:08:04.984,Fechamento
5.7017,5.7045,2020-04-03 10:04:19.081,Abertura
5.7124,5.7151,2020-04-03 11:10:18.939,Intermediário
5.7145,5.7173,2020-04-03 12:09:17.602,Intermediário
5.7391,5.7403,2020-04-03 13:09:31.86,Intermediário
5.7214,5.7226,2020-04-03 13:09:31.865,Fechamento
5.6826,5.6849,2020-04-06 10:05:20.617,Abertura
5.6679,5.6707,2020-04-06 11:08:17.759,Intermediário
5.6459,5.6486,2020-04-06 12:09:16.525,Intermediário
5.6562,5.659,2020-04-06 13:07:49.734,Intermediário
5.6683,5.6711,2020-04-06 13:07:49.742,Fechamento
5.6732,5.6744,2020-04-07 10:04:21.698,Abertura
5.6839,5.6861,2020-04-07 11:09:17.542,Intermediário
5.7067,5.71,2020-04-07 12:04:18.324,Intermediário
5.692,5.6942,2020-04-07 13:05:36.452,Intermediário
5.6826,5.6849,2020-04-07 13:05:36.466,Fechamento
5.6976,5.7003,2020-04-08 10:10:19.828,Abertura
5.7025,5.7037,2020-04-08 11:03:50.953,Intermediário
5.6409,5.6436,2020-04-08 12:10:18.453,Intermediário
5.6167,5.6195,2020-04-08 13:05:36.595,Intermediário
5.6609,5.6637,2020-04-08 13:05:36.604,Fechamento
5.5638,5.566,2020-04-09 10:11:17.642,Abertura
5.5488,5.5515,2020-04-09 11:09:18.19,Intermediário
5.5342,5.5363,2020-04-09 12:04:17.88,Intermediário
5.54,5.5417,2020-04-09 13:10:31.656,Intermediário
5.549,5.5507,2020-04-09 13:10:31.66,Fechamento
5.6175,5.6201,2020-04-13 10:06:45.893,Abertura
5.6629,5.6656,2020-04-13 11:04:18.412,Intermediário
5.675,5.6777,2020-04-13 12:08:17.719,Intermediário
5.6541,5.6553,2020-04-13 13:04:46.387,Intermediário
5.6508,5.6519,2020-04-13 13:04:46.395,Fechamento
5.6674,5.6701,2020-04-14 10:02:19.842,Abertura
5.6613,5.6635,2020-04-14 11:11:18.868,Intermediário
5.7041,5.7063,2020-04-14 12:06:15.832,Intermediário
5.7133,5.7155,2020-04-14 13:07:39.938,Intermediário
5.6876,5.6899,2020-04-14 13:07:39.947,Fechamento
5.7122,5.7149,2020-04-15 10:10:18.021,Abertura
5.7126,5.7138,2020-04-15 11:08:17.025,Intermediário
5.7319,5.7347,2020-04-15 12:06:17.453,Intermediário
5.7326,5.7354,2020-04-15 13:06:01.881,Intermediário
5.7341,5.7369,2020-04-15 13:06:01.889,Fechamento
5.6873,5.6885,2020-04-16 10:02:19.162,Abertura
5.7199,5.7226,2020-04-16 11:04:18.408,Intermediário
5.6806,5.6818,2020-04-16 12:08:17.59,Intermediário
5.6701,5.6729,2020-04-16 13:03:37.715,Intermediário
5.676,5.6787,2020-04-16 13:03:37.72,Fechamento
5.6982,5.7004,2020-04-17 10:07:18.348,Abertura
5.7199,5.7226,2020-04-17 11:08:18.162,Intermediário
5.7367,5.7389,2020-04-17 12:10:17.797,Intermediário
5.7186,5.7214,2020-04-17 13:02:36.942,Intermediário
5.7198,5.7226,2020-04-17 13:02:36.95,Fechamento
5.7275,5.7298,2020-04-20 10:02:20.559,Abertura
5.7432,5.7459,2020-04-20 11:02:20.24,Intermediário
5.7464,5.7492,2020-04-20 12:11:45.996,Intermediário
5.7499,5.7527,2020-04-20 13:10:32.554,Intermediário
5.7433,5.746,2020-04-20 13:10:32.563,Fechamento
5.8149,5.8176,2020-04-22 10:10:27.315,Abertura
5.8499,5.8516,2020-04-22 11:11:18.235,Intermediário
5.8373,5.839,2020-04-22 12:11:17.126,Intermediário
5.8476,5.8509,2020-04-22 13:09:29.968,Intermediário
5.8294,5.8327,2020-04-22 13:09:29.978,Fechamento
5.8436,5.8465,2020-04-23 10:03:18.211,Abertura
5.8909,5.8948,2020-04-23 11:02:18.361,Intermediário
5.9206,5.9229,2020-04-23 12:07:18.96,Intermediário
5.8816,5.8834,2020-04-23 13:09:09.055,Intermediário
5.8883,5.8901,2020-04-23 13:09:09.063,Fechamento
6.0266,6.0305,2020-04-24 10:09:17.68,Abertura
6.1038,6.1067,2020-04-24 11:08:18.3,Intermediário
6.1258,6.127,2020-04-24 12:09:43.361,Intermediário
6.1551,6.1581,2020-04-24 13:06:58.052,Intermediário
6.1002,6.1031,2020-04-24 13:06:58.058,Fechamento
6.0838,6.0856,2020-04-27 10:03:53.875,Abertura
6.1054,6.1078,2020-04-27 11:03:18.563,Intermediário
6.0989,6.1018,2020-04-27 12:06:17.324,Intermediário
6.1469,6.1498,2020-04-27 13:04:33.167,Intermediário
6.1012,6.1041,2020-04-27 13:04:33.185,Fechamento
6.05,6.0518,2020-04-28 10:04:18.541,Abertura
6.0391,6.042,2020-04-28 11:10:19.362,Intermediário
6.0363,6.0387,2020-04-28 12:08:17.389,Intermediário
6.0245,6.0273,2020-04-28 13:06:32.622,Intermediário
6.032,6.0349,2020-04-28 13:06:32.627,Fechamento
5.939,5.9407,2020-04-29 10:10:17.679,Abertura
5.8498,5.851,2020-04-29 11:02:18.435,Intermediário
5.8855,5.8883,2020-04-29 12:09:21.115,Intermediário
5.8965,5.8977,2020-04-29 13:09:28.215,Intermediário
5.891,5.8922,2020-04-29 13:09:28.218,Fechamento
5.9028,5.9051,2020-04-30 10:09:17.53,Abertura
5.8937,5.8965,2020-04-30 11:05:40.035,Intermediário
5.9314,5.9342,2020-04-30 12:06:17.971,Intermediário
5.9388,5.9406,2020-04-30 13:11:00.763,Intermediário
5.9316,5.9333,2020-04-30 13:11:00.769,Fechamento
6.1078,6.1101,2020-05-04 10:07:22.651,Abertura
6.0885,6.0913,2020-05-04 11:02:35.543,Intermediário
6.1038,6.1067,2020-05-04 12:05:17.391,Intermediário
6.0785,6.0814,2020-05-04 13:02:32.402,Intermediário
6.0884,6.0912,2020-05-04 13:02:32.41,Fechamento
5.9926,5.9943,2020-05-05 10:08:19.646,Abertura
5.9878,5.9901,2020-05-05 11:05:20.38,Intermediário
6.0237,6.0265,2020-05-05 12:02:20.069,Intermediário
6.0163,6.0181,2020-05-05 13:10:48.665,Intermediário
6.0014,6.0031,2020-05-05 13:10:48.687,Fechamento
6.0989,6.1006,2020-05-06 10:07:18.706,Abertura
6.1302,6.1314,2020-05-06 11:03:18.238,Intermediário
6.1283,6.1312,2020-05-06 12:04:18.388,Intermediário
6.1376,6.1406,2020-05-06 13:11:17.108,Intermediário
6.1226,6.1255,2020-05-06 13:11:17.114,Fechamento
6.2817,6.2829,2020-05-07 10:06:17.291,Abertura
6.3067,6.3079,2020-05-07 11:10:19.864,Intermediário
6.3224,6.3254,2020-05-07 12:08:17.024,Intermediário
6.2764,6.2793,2020-05-07 13:04:55.075,Intermediário
6.3098,6.3128,2020-05-07 13:04:55.088,Fechamento
6.2769,6.2798,2020-05-08 10:05:43.846,Abertura
6.2329,6.2358,2020-05-08 11:03:18.002,Intermediário
6.2477,6.2489,2020-05-08 12:07:16.678,Intermediário
6.251,6.2539,2020-05-08 13:06:55.64,Intermediário
6.2559,6.2588,2020-05-08 13:06:55.655,Fechamento
6.2573,6.2602,2020-05-11 10:08:05.507,Abertura
6.2868,6.2897,2020-05-11 11:11:18.048,Intermediário
6.2761,6.2773,2020-05-11 12:09:17.946,Intermediário
6.2668,6.2697,2020-05-11 13:13:38.509,Intermediário
6.2671,6.27,2020-05-11 13:13:38.516,Fechamento
6.2525,6.2554,2020-05-12 10:05:18.501,Abertura
6.2739,6.2762,2020-05-12 11:06:18.536,Intermediário
6.2731,6.2744,2020-05-12 12:10:17.595,Intermediário
6.2917,6.2929,2020-05-12 13:10:40.209,Intermediário
6.2704,6.2716,2020-05-12 13:10:40.219,Fechamento
6.359,6.362,2020-05-13 10:05:17.7,Abertura
6.4063,6.4093,2020-05-13 11:04:20.42,Intermediário
6.4207,6.4237,2020-05-13 12:10:17.649,Intermediário
6.4325,6.4337,2020-05-13 13:10:36.85,Intermediário
6.395,6.3962,2020-05-13 13:10:36.854,Fechamento
6.4158,6.4177,2020-05-14 10:07:19.471,Abertura
6.4394,6.4419,2020-05-14 11:03:19.413,Intermediário
6.3897,6.3928,2020-05-14 12:02:45.172,Intermediário
6.3911,6.3941,2020-05-14 13:04:37.647,Intermediário
6.4097,6.4128,2020-05-14 13:04:37.655,Fechamento
6.3456,6.3486,2020-05-15 10:03:19.396,Abertura
6.2588,6.2617,2020-05-15 11:10:18.894,Intermediário
6.3085,6.3097,2020-05-15 12:10:18.005,Intermediário
6.2953,6.2994,2020-05-15 13:07:28.259,Intermediário
6.2962,6.3004,2020-05-15 13:07:28.264,Fechamento
6.2222,6.2252,2020-05-18 10:04:20.268,Abertura
6.2503,6.2521,2020-05-18 11:04:17.607,Intermediário
6.2252,6.2276,2020-05-18 12:03:18.331,Intermediário
6.2281,6.231,2020-05-18 13:03:30.147,Intermediário
6.2544,6.2573,2020-05-18 13:03:30.159,Fechamento
6.2419,6.2449,2020-05-19 10:03:18.604,Abertura
6.2597,6.2626,2020-05-19 11:02:18.378,Intermediário
6.2907,6.293,2020-05-19 12:06:18.665,Intermediário
6.245,6.2461,2020-05-19 13:09:50.139,Intermediário
6.2565,6.2577,2020-05-19 13:09:50.154,Fechamento
6.2825,6.2854,2020-05-20 10:09:17.632,Abertura
6.2441,6.2459,2020-05-20 11:04:18.272,Intermediário
6.2379,6.2392,2020-05-20 12:11:18.964,Intermediário
6.2483,6.2513,2020-05-20 13:11:28.88,Intermediário
6.2533,6.2562,2020-05-20 13:11:28.89,Fechamento
6.1905,6.1917,2020-05-21 10:11:21.948,Abertura
6.1304,6.1333,2020-05-21 11:05:19.153,Intermediário
6.1184,6.1207,2020-05-21 12:10:18.879,Intermediário
6.1312,6.1341,2020-05-21 13:02:36.893,Intermediário
6.1334,6.1363,2020-05-21 13:02:36.901,Fechamento
6.1063,6.1092,2020-05-22 10:05:19.472,Abertura
6.0965,6.0994,2020-05-22 11:05:18.055,Intermediário
6.0593,6.0616,2020-05-22 12:02:19.331,Intermediário
6.0517,6.0529,2020-05-22 13:08:59.529,Intermediário
6.0785,6.0797,2020-05-22 13:08:59.533,Fechamento
5.9974,5.9997,2020-05-25 10:09:21.342,Abertura
5.9615,5.9644,2020-05-25 11:07:23.335,Intermediário
5.9574,5.9591,2020-05-25 12:11:18.142,Intermediário
5.9519,5.9531,2020-05-25 13:03:45.683,Intermediário
5.9668,5.968,2020-05-25 13:03:45.692,Fechamento
5.9092,5.912,2020-05-26 10:05:18.889,Abertura
5.8877,5.8889,2020-05-26 11:08:18.739,Intermediário
5.8831,5.8854,2020-05-26 12:04:19.313,Intermediário
5.895,5.8967,2020-05-26 13:05:56.787,Intermediário
5.8905,5.8922,2020-05-26 13:05:56.805,Fechamento
5.8293,5.8305,2020-05-27 10:09:18.505,Abertura
5.8301,5.8329,2020-05-27 11:07:17.647,Intermediário
5.8204,5.8232,2020-05-27 12:04:18.768,Intermediário
5.7918,5.794,2020-05-27 13:08:33.67,Intermediário
5.811,5.8132,2020-05-27 13:08:33.677,Fechamento
5.8529,5.8552,2020-05-28 10:06:19.177,Abertura
5.9104,5.9132,2020-05-28 11:07:18.777,Intermediário
5.9098,5.9115,2020-05-28 12:05:18.503,Intermediário
5.9182,5.9194,2020-05-28 13:09:35.43,Intermediário
5.9102,5.9114,2020-05-28 13:09:35.438,Fechamento
6.01,6.0123,2020-05-29 10:06:46.975,Abertura
6.0462,6.049,2020-05-29 11:22:11.044,Intermediário
6.0415,6.0443,2020-05-29 12:09:45.624,Intermediário
6.0329,6.0357,2020-05-29 13:09:42.131,Intermediário
6.0258,6.0286,2020-05-29 13:09:42.134,Fechamento
5.9621,5.9644,2020-06-01 10:04:21.236,Abertura
5.9546,5.9574,2020-06-01 11:02:18.215,Intermediário
5.9695,5.9707,2020-06-01 12:02:20.246,Intermediário
5.975,5.9773,2020-06-01 13:03:21.36,Intermediário
5.9645,5.9668,2020-06-01 13:03:21.371,Fechamento
5.9278,5.9306,2020-06-02 10:03:19.744,Abertura
5.8858,5.8875,2020-06-02 11:09:18.133,Intermediário
5.8477,5.8505,2020-06-02 12:10:18.993,Intermediário
5.8476,5.8493,2020-06-02 13:06:52.607,Intermediário
5.8722,5.874,2020-06-02 13:06:52.617,Fechamento
5.6943,5.6965,2020-06-03 10:07:18.675,Abertura
5.6695,5.6717,2020-06-03 11:03:19.083,Intermediário
5.6272,5.6289,2020-06-03 12:09:17.242,Intermediário
5.6703,5.6715,2020-06-03 13:02:35.187,Intermediário
5.6798,5.681,2020-06-03 13:02:35.192,Fechamento
5.7206,5.7218,2020-06-04 10:10:19.086,Abertura
5.7832,5.7859,2020-06-04 11:04:55.28,Intermediário
5.7795,5.7823,2020-06-04 12:04:19.473,Intermediário
5.7664,5.7691,2020-06-04 13:03:53.964,Intermediário
5.7772,5.7799,2020-06-04 13:03:53.971,Fechamento
5.6559,5.6586,2020-06-05 10:05:42.028,Abertura
5.6289,5.6315,2020-06-05 11:07:18.518,Intermediário
5.6071,5.6098,2020-06-05 12:11:19.453,Intermediário
5.6001,5.6027,2020-06-05 13:06:27.766,Intermediário
5.6214,5.6241,2020-06-05 13:06:27.773,Fechamento
5.6094,5.6116,2020-06-08 10:05:04.885,Abertura
5.5886,5.5903,2020-06-08 11:02:19.523,Intermediário
5.5729,5.5755,2020-06-08 12:07:18.497,Intermediário
5.5177,5.5193,2020-06-08 13:06:31.93,Intermediário
5.5678,5.5695,2020-06-08 13:06:31.934,Fechamento
5.5605,5.5626,2020-06-09 10:09:21.017,Abertura
5.5633,5.566,2020-06-09 11:04:46.366,Intermediário
5.5586,5.5612,2020-06-09 12:03:20.192,Intermediário
5.5589,5.5615,2020-06-09 13:02:31.17,Intermediário
5.5653,5.568,2020-06-09 13:02:31.177,Fechamento
5.5423,5.5439,2020-06-10 10:02:20.039,Abertura
5.5623,5.564,2020-06-10 11:08:19.76,Intermediário
5.5501,5.5528,2020-06-10 12:08:19.439,Intermediário
5.5635,5.5646,2020-06-10 13:04:28.213,Intermediário
5.5507,5.5519,2020-06-10 13:04:28.222,Fechamento
5.6973,5.6999,2020-06-12 10:11:26.024,Abertura
5.6607,5.6634,2020-06-12 11:06:18.316,Intermediário
5.6963,5.6985,2020-06-12 12:02:19.798,Intermediário
5.656,5.6577,2020-06-12 13:03:58.917,Intermediário
5.6668,5.6685,2020-06-12 13:03:58.921,Fechamento
5.8192,5.8214,2020-06-15 10:03:19.012,Abertura
5.8351,5.8368,2020-06-15 11:10:35.97,Intermediário
5.8752,5.878,2020-06-15 12:10:44.338,Intermediário
5.8479,5.8507,2020-06-15 13:09:09.309,Intermediário
5.845,5.8477,2020-06-15 13:09:09.314,Fechamento
5.7244,5.7271,2020-06-16 10:09:18.151,Abertura
5.7435,5.7462,2020-06-16 11:03:18.079,Intermediário
5.8342,5.8369,2020-06-16 12:05:18.636,Intermediário
5.8035,5.8058,2020-06-16 13:04:03.486,Intermediário
5.7725,5.7747,2020-06-16 13:04:03.498,Fechamento
5.8943,5.8971,2020-06-17 10:04:19.987,Abertura
5.8765,5.8794,2020-06-17 11:02:18.882,Intermediário
5.8921,5.8939,2020-06-17 12:04:17.574,Intermediário
5.8987,5.9015,2020-06-17 13:07:53.575,Intermediário
5.8875,5.8904,2020-06-17 13:07:53.58,Fechamento
6.0135,6.0153,2020-06-18 10:03:17.686,Abertura
5.9746,5.9768,2020-06-18 11:07:16.895,Intermediário
5.9963,5.9991,2020-06-18 12:08:17.772,Intermediário
6.004,6.0068,2020-06-18 13:11:36.065,Intermediário
5.9947,5.9975,2020-06-18 13:11:36.069,Fechamento
5.9984,6.0012,2020-06-19 10:10:18.62,Abertura
6.0048,6.0076,2020-06-19 11:10:17.253,Intermediário
5.9885,5.9897,2020-06-19 12:07:17.224,Intermediário
5.9712,5.974,2020-06-19 13:06:29.613,Intermediário
5.9806,5.9834,2020-06-19 13:06:29.622,Fechamento
5.8737,5.8759,2020-06-22 10:08:21.957,Abertura
5.8526,5.8554,2020-06-22 11:11:18.443,Intermediário
5.8829,5.8857,2020-06-22 12:10:17.377,Intermediário
5.874,5.8752,2020-06-22 13:10:56.409,Intermediário
5.88,5.8812,2020-06-22 13:10:56.418,Fechamento
5.8544,5.8572,2020-06-23 10:03:18.335,Abertura
5.8748,5.877,2020-06-23 11:07:17.474,Intermediário
5.8537,5.856,2020-06-23 12:02:18.765,Intermediário
5.8416,5.8444,2020-06-23 13:04:30.936,Intermediário
5.8528,5.8556,2020-06-23 13:04:30.954,Fechamento
5.8306,5.8333,2020-06-24 10:02:18.046,Abertura
5.9037,5.9049,2020-06-24 11:09:42.254,Intermediário
5.9275,5.9303,2020-06-24 12:05:19.315,Intermediário
5.9744,5.9772,2020-06-24 13:05:20.064,Intermediário
5.9082,5.911,2020-06-24 13:05:20.072,Fechamento
5.9254,5.9282,2020-06-25 10:08:18.571,Abertura
5.9856,5.9884,2020-06-25 11:02:17.313,Intermediário
5.9801,5.9829,2020-06-25 12:08:16.565,Intermediário
6.0067,6.009,2020-06-25 13:12:10.82,Intermediário
5.9771,5.9793,2020-06-25 13:12:10.827,Fechamento
6.0928,6.094,2020-06-26 10:02:18.575,Abertura
6.135,6.1373,2020-06-26 11:03:23.069,Intermediário
6.1291,6.1319,2020-06-26 12:03:31.175,Intermediário
6.1353,6.1382,2020-06-26 13:12:13.87,Intermediário
6.1249,6.1277,2020-06-26 13:12:13.885,Fechamento
6.0972,6.0995,2020-06-29 10:07:18.34,Abertura
6.1223,6.1241,2020-06-29 11:10:18.543,Intermediário
6.1353,6.1381,2020-06-29 12:11:17.266,Intermediário
6.1403,6.1431,2020-06-29 13:08:41.322,Intermediário
6.1124,6.1153,2020-06-29 13:08:41.33,Fechamento
6.1059,6.1071,2020-06-30 10:03:18.866,Abertura
6.1425,6.1453,2020-06-30 11:02:18.631,Intermediário
6.1575,6.1604,2020-06-30 12:11:20.133,Intermediário
6.1687,6.1704,2020-06-30 13:10:29.178,Intermediário
6.1522,6.1539,2020-06-30 13:10:29.186,Fechamento
6.0378,6.0405,2020-07-01 10:07:20.721,Abertura
6.0249,6.0277,2020-07-01 11:06:33.499,Intermediário
6.0291,6.0308,2020-07-01 12:05:18.589,Intermediário
6.0325,6.0348,2020-07-01 13:08:47.346,Intermediário
6.0389,6.0411,2020-07-01 13:08:47.349,Fechamento
5.9594,5.9622,2020-07-02 10:05:18.689,Abertura
5.943,5.9458,2020-07-02 11:11:16.603,Intermediário
5.9867,5.9891,2020-07-02 12:09:16.411,Intermediário
5.9695,5.9723,2020-07-02 13:02:37.297,Intermediário
5.9565,5.9593,2020-07-02 13:02:37.304,Fechamento
6.0123,6.0151,2020-07-03 10:11:18.504,Abertura
5.9968,5.9981,2020-07-03 11:04:19.015,Intermediário
5.9893,5.9922,2020-07-03 12:10:18.999,Intermediário
5.9881,5.9909,2020-07-03 13:04:44.326,Intermediário
5.9991,6.0019,2020-07-03 13:04:44.338,Fechamento
5.9924,5.9947,2020-07-06 10:02:26.268,Abertura
6.0278,6.0306,2020-07-06 11:09:20.049,Intermediário
5.9978,6.0001,2020-07-06 12:06:17.305,Intermediário
6.0136,6.0164,2020-07-06 13:06:42.113,Intermediário
6.0001,6.0029,2020-07-06 13:06:42.122,Fechamento
6.0449,6.0478,2020-07-07 10:06:21.639,Abertura
5.9809,5.9837,2020-07-07 11:11:20.125,Intermediário
5.9963,5.9986,2020-07-07 12:02:19.476,Intermediário
6.0538,6.056,2020-07-07 13:03:21.594,Intermediário
6.0221,6.0244,2020-07-07 13:03:21.6,Fechamento
6.0142,6.016,2020-07-08 10:09:18.462,Abertura
6.0496,6.0519,2020-07-08 11:03:17.424,Intermediário
6.0764,6.0792,2020-07-08 12:03:19.82,Intermediário
6.0686,6.0714,2020-07-08 13:02:44.164,Intermediário
6.0567,6.0595,2020-07-08 13:02:44.173,Fechamento
6.0013,6.0041,2020-07-09 10:05:20.721,Abertura
5.9554,5.9571,2020-07-09 11:05:18.438,Intermediário
6.008,6.0108,2020-07-09 12:10:17.74,Intermediário
6.0075,6.0103,2020-07-09 13:02:26.622,Intermediário
5.9832,5.986,2020-07-09 13:02:26.634,Fechamento
6.041,6.0422,2020-07-10 10:03:17.559,Abertura
6.0396,6.0424,2020-07-10 11:05:19.662,Intermediário
6.0461,6.0489,2020-07-10 12:06:17.55,Intermediário
6.0429,6.0442,2020-07-10 13:11:32.86,Intermediário
6.0471,6.0483,2020-07-10 13:11:32.867,Fechamento
6.068,6.0703,2020-07-13 10:06:18.07,Abertura
6.077,6.0798,2020-07-13 11:05:18.429,Intermediário
6.0685,6.0714,2020-07-13 12:05:17.843,Intermediário
6.0695,6.0707,2020-07-13 13:04:35.133,Intermediário
6.0775,6.0787,2020-07-13 13:04:35.144,Fechamento
6.149,6.1519,2020-07-14 10:02:18.371,Abertura
6.1906,6.1929,2020-07-14 11:10:16.747,Intermediário
6.2105,6.2134,2020-07-14 12:02:17.657,Intermediário
6.1819,6.1847,2020-07-14 13:07:35.714,Intermediário
6.1903,6.1932,2020-07-14 13:07:35.721,Fechamento
6.0912,6.0924,2020-07-15 10:04:17.438,Abertura
6.1281,6.1309,2020-07-15 11:08:17.222,Intermediário
6.0943,6.0966,2020-07-15 12:07:16.346,Intermediário
6.1186,6.1214,2020-07-15 13:11:26.411,Intermediário
6.0994,6.1023,2020-07-15 13:11:26.418,Fechamento
6.1124,6.1152,2020-07-16 10:07:18.5,Abertura
6.1238,6.125,2020-07-16 11:09:17.666,Intermediário
6.1287,6.131,2020-07-16 12:09:18.27,Intermediário
6.1091,6.1104,2020-07-16 13:02:58.397,Intermediário
6.1223,6.1235,2020-07-16 13:02:58.404,Fechamento
6.112,6.1143,2020-07-17 10:08:17.85,Abertura
6.1146,6.1175,2020-07-17 11:11:17.182,Intermediário
6.1073,6.1096,2020-07-17 12:06:17.032,Intermediário
6.118,6.1208,2020-07-17 13:11:17.833,Intermediário
6.1182,6.121,2020-07-17 13:11:17.839,Fechamento
6.1364,6.1392,2020-07-20 10:09:18.29,Abertura
6.1466,6.1494,2020-07-20 11:04:17.482,Intermediário
6.1269,6.1297,2020-07-20 12:03:17.883,Intermediário
6.1059,6.1082,2020-07-20 13:07:24.22,Intermediário
6.1357,6.138,2020-07-20 13:07:24.239,Fechamento
6.0125,6.0153,2020-07-21 10:11:18.016,Abertura
5.9984,6.0012,2020-07-21 11:05:18.039,Intermediário
5.993,5.9953,2020-07-21 12:03:16.904,Intermediário
5.978,5.9802,2020-07-21 13:07:50.185,Intermediário
6.0082,6.0105,2020-07-21 13:07:50.189,Fechamento
5.9489,5.9516,2020-07-22 10:08:16.986,Abertura
5.9211,5.9223,2020-07-22 11:04:18.702,Intermediário
5.9181,5.9209,2020-07-22 12:05:18.224,Intermediário
5.9036,5.9063,2020-07-22 13:06:27.821,Intermediário
5.92,5.9227,2020-07-22 13:06:27.826,Fechamento
5.9736,5.9748,2020-07-23 10:03:26.547,Abertura
5.9944,5.9956,2020-07-23 11:03:17.098,Intermediário
5.9884,5.9906,2020-07-23 12:05:17.304,Intermediário
5.9754,5.9781,2020-07-23 13:02:43.555,Intermediário
6.0007,6.0034,2020-07-23 13:02:43.561,Fechamento
6.0628,6.0656,2020-07-24 10:05:20.922,Abertura
6.0768,6.0796,2020-07-24 11:08:17.46,Intermediário
6.0464,6.0476,2020-07-24 12:11:17.391,Intermediário
6.0486,6.0514,2020-07-24 13:06:39.434,Intermediário
6.0649,6.0677,2020-07-24 13:06:39.442,Fechamento
6.112,6.1142,2020-07-27 10:08:18.74,Abertura
6.1048,6.1065,2020-07-27 11:03:18.759,Intermediário
6.0881,6.0898,2020-07-27 12:10:18.97,Intermediário
6.0904,6.0932,2020-07-27 13:09:55.197,Intermediário
6.0952,6.098,2020-07-27 13:09:55.206,Fechamento
6.0724,6.0747,2020-07-28 10:02:19.374,Abertura
6.0883,6.0895,2020-07-28 11:02:17.721,Intermediário
6.0655,6.0683,2020-07-28 12:05:16.386,Intermediário
6.0637,6.0665,2020-07-28 13:09:38.99,Intermediário
6.0727,6.0755,2020-07-28 13:09:38.993,Fechamento
6.0269,6.0297,2020-07-29 10:02:18.379,Abertura
6.0232,6.026,2020-07-29 11:10:18.357,Intermediário
6.0639,6.0667,2020-07-29 12:04:16.974,Intermediário
6.0581,6.0598,2020-07-29 13:10:36.793,Intermediário
6.048,6.0497,2020-07-29 13:10:36.8,Fechamento
6.1099,6.1117,2020-07-30 10:02:17.847,Abertura
6.1088,6.1106,2020-07-30 11:03:18.331,Intermediário
6.1138,6.116,2020-07-30 12:05:17.235,Intermediário
6.1045,6.1057,2020-07-30 13:07:49.433,Intermediário
6.1109,6.1121,2020-07-30 13:07:49.442,Fechamento
6.143,6.1458,2020-07-31 10:07:18.446,Abertura
6.1726,6.1753,2020-07-31 11:03:17.03,Intermediário
6.1569,6.1581,2020-07-31 12:07:16.435,Intermediário
6.143,6.1458,2020-07-31 13:10:49.237,Intermediário
6.1491,6.1519,2020-07-31 13:10:49.246,Fechamento
6.1763,6.1776,2020-08-03 10:11:18.119,Abertura
6.2219,6.2242,2020-08-03 11:11:17.153,Intermediário
6.2504,6.2517,2020-08-03 12:07:17.156,Intermediário
6.2489,6.25,2020-08-03 13:06:35.549,Intermediário
6.2356,6.2368,2020-08-03 13:06:35.557,Fechamento
6.2792,6.2821,2020-08-04 10:07:18.222,Abertura
6.2431,6.2444,2020-08-04 11:08:18.253,Intermediário
6.259,6.2618,2020-08-04 12:04:16.695,Intermediário
6.2642,6.267,2020-08-04 13:05:21.06,Intermediário
6.2724,6.2752,2020-08-04 13:05:21.066,Fechamento
6.259,6.2618,2020-08-05 10:11:08.379,Abertura
6.2532,6.255,2020-08-05 11:03:17.603,Intermediário
6.2723,6.2752,2020-08-05 12:07:17.026,Intermediário
6.2958,6.2986,2020-08-05 13:11:16.134,Intermediário
6.2751,6.2779,2020-08-05 13:11:16.14,Fechamento
6.3261,6.3289,2020-08-06 10:11:18.657,Abertura
6.3179,6.3203,2020-08-06 11:06:18.575,Intermediário
6.3343,6.3366,2020-08-06 12:05:18.616,Intermediário
6.343,6.3459,2020-08-06 13:07:56.762,Intermediário
6.3325,6.3353,2020-08-06 13:07:56.769,Fechamento
6.3764,6.3782,2020-08-07 10:04:17.445,Abertura
6.3921,6.395,2020-08-07 11:03:16.95,Intermediário
6.4057,6.4086,2020-08-07 12:02:17.667,Intermediário
6.3979,6.3997,2020-08-07 13:04:36.786,Intermediário
6.3845,6.3863,2020-08-07 13:04:36.795,Fechamento
6.3205,6.3228,2020-08-10 10:02:20.344,Abertura
6.3354,6.3377,2020-08-10 11:04:17.256,Intermediário
6.3559,6.3582,2020-08-10 12:07:17.646,Intermediário
6.3711,6.374,2020-08-10 13:06:31.542,Intermediário
6.3386,6.3414,2020-08-10 13:06:31.55,Fechamento
6.4069,6.4097,2020-08-11 10:05:17.484,Abertura
6.4141,6.4159,2020-08-11 11:10:17.768,Intermediário
6.3648,6.3677,2020-08-11 12:02:17.304,Intermediário
6.379,6.3819,2020-08-11 13:06:57.345,Intermediário
6.3832,6.3861,2020-08-11 13:06:57.356,Fechamento
6.3807,6.383,2020-08-12 10:07:17.495,Abertura
6.434,6.4369,2020-08-12 11:09:19.779,Intermediário
6.4594,6.4623,2020-08-12 12:04:17.053,Intermediário
6.4518,6.4547,2020-08-12 13:08:37.569,Intermediário
6.433,6.4359,2020-08-12 13:08:37.572,Fechamento
6.3973,6.4002,2020-08-13 10:07:17.369,Abertura
6.366,6.3678,2020-08-13 11:05:18.078,Intermediário
6.3537,6.3565,2020-08-13 12:03:16.851,Intermediário
6.3577,6.3606,2020-08-13 13:03:41.049,Intermediário
6.3564,6.3593,2020-08-13 13:03:41.053,Fechamento
6.3597,6.3626,2020-08-14 10:04:18.861,Abertura
6.3578,6.3606,2020-08-14 11:03:16.842,Intermediário
6.3781,6.3809,2020-08-14 12:03:18.379,Intermediário
6.3783,6.3812,2020-08-14 13:04:46.419,Intermediário
6.3705,6.3734,2020-08-14 13:04:46.426,Fechamento
6.4258,6.4271,2020-08-17 10:10:22.245,Abertura
6.4593,6.4622,2020-08-17 11:10:18.451,Intermediário
6.4818,6.4847,2020-08-17 12:03:17.59,Intermediário
6.4954,6.4972,2020-08-17 13:04:24.997,Intermediário
6.467,6.4688,2020-08-17 13:04:25.011,Fechamento
6.4842,6.4871,2020-08-18 10:02:18.405,Abertura
6.5163,6.5192,2020-08-18 11:06:17.441,Intermediário
6.5266,6.5295,2020-08-18 12:02:18.092,Intermediário
6.563,6.5659,2020-08-18 13:10:27.283,Intermediário
6.519,6.5219,2020-08-18 13:10:27.29,Fechamento
6.526,6.5289,2020-08-19 10:11:17.24,Abertura
6.5563,6.5587,2020-08-19 11:06:17.288,Intermediário
6.5374,6.5403,2020-08-19 12:02:17.924,Intermediário
6.55,6.5524,2020-08-19 13:04:18.062,Intermediário
6.5315,6.5338,2020-08-19 13:04:18.066,Fechamento
6.6796,6.682,2020-08-20 10:03:18.297,Abertura
6.705,6.7074,2020-08-20 11:09:17.997,Intermediário
6.6931,6.696,2020-08-20 12:02:19.179,Intermediário
6.6809,6.6833,2020-08-20 13:12:12.263,Intermediário
6.7014,6.7038,2020-08-20 13:12:12.269,Fechamento
6.5905,6.5934,2020-08-21 10:10:32.652,Abertura
6.6115,6.6144,2020-08-21 11:09:17.718,Intermediário
6.6083,6.6112,2020-08-21 12:10:17.559,Intermediário
6.5889,6.5919,2020-08-21 13:10:47.772,Intermediário
6.5991,6.6021,2020-08-21 13:10:47.776,Fechamento
6.611,6.6123,2020-08-24 10:02:21.018,Abertura
6.6098,6.6128,2020-08-24 11:11:23.392,Intermediário
6.617,6.6199,2020-08-24 12:09:17.736,Intermediário
6.6135,6.6159,2020-08-24 13:07:36.484,Intermediário
6.6024,6.6048,2020-08-24 13:07:36.497,Fechamento
6.5935,6.5963,2020-08-25 10:08:18.253,Abertura
6.631,6.6328,2020-08-25 11:06:17.321,Intermediário
6.6277,6.6306,2020-08-25 12:09:16.891,Intermediário
6.6209,6.6238,2020-08-25 13:04:34.792,Intermediário
6.6153,6.6183,2020-08-25 13:04:34.81,Fechamento
6.5347,6.5376,2020-08-26 10:07:17.613,Abertura
6.5698,6.5722,2020-08-26 11:03:17.163,Intermediário
6.5662,6.5691,2020-08-26 12:04:17.176,Intermediário
6.6215,6.6244,2020-08-26 13:09:12.054,Intermediário
6.5757,6.5786,2020-08-26 13:09:12.058,Fechamento
6.6158,6.6176,2020-08-27 10:11:17.924,Abertura
6.5953,6.5977,2020-08-27 11:05:17.43,Intermediário
6.6032,6.6044,2020-08-27 12:06:18.835,Intermediário
6.618,6.6209,2020-08-27 13:03:22.302,Intermediário
6.6144,6.6174,2020-08-27 13:03:22.308,Fechamento
6.5439,6.5468,2020-08-28 10:05:18.8,Abertura
6.4864,6.4893,2020-08-28 11:02:17.356,Intermediário
6.4851,6.488,2020-08-28 12:09:16.853,Intermediário
6.4846,6.4864,2020-08-28 13:03:36.547,Intermediário
6.5055,6.5073,2020-08-28 13:03:36.552,Fechamento
6.4983,6.5007,2020-08-31 10:05:19.73,Abertura
6.533,6.5343,2020-08-31 11:02:17.986,Intermediário
6.5614,6.5638,2020-08-31 12:08:16.628,Intermediário
6.5378,6.5407,2020-08-31 13:09:40.465,Intermediário
6.5364,6.5393,2020-08-31 13:09:40.474,Fechamento
6.4652,6.4675,2020-09-01 10:09:18.628,Abertura
6.4344,6.4373,2020-09-01 11:11:18.269,Intermediário
6.4174,6.4202,2020-09-01 12:06:17.267,Intermediário
6.4023,6.4051,2020-09-01 13:03:53.599,Intermediário
6.4186,6.4215,2020-09-01 13:03:53.605,Fechamento
6.3642,6.367,2020-09-02 10:05:59.466,Abertura
6.3747,6.3775,2020-09-02 11:04:38.395,Intermediário
6.3586,6.3615,2020-09-02 12:11:17.905,Intermediário
6.3557,6.357,2020-09-02 13:11:38.408,Intermediário
6.3611,6.3624,2020-09-02 13:11:38.411,Fechamento
6.2876,6.2899,2020-09-03 10:06:18.536,Abertura
6.2682,6.271,2020-09-03 11:04:18.218,Intermediário
6.284,6.2863,2020-09-03 12:09:20.278,Intermediário
6.2827,6.285,2020-09-03 13:07:19.45,Intermediário
6.278,6.2803,2020-09-03 13:07:19.456,Fechamento
6.2092,6.212,2020-09-04 10:06:18.479,Abertura
6.2412,6.244,2020-09-04 11:04:17.819,Intermediário
6.2568,6.258,2020-09-04 12:09:11.143,Intermediário
6.2442,6.2465,2020-09-04 13:12:57.951,Intermediário
6.2449,6.2472,2020-09-04 13:12:57.959,Fechamento
6.35,6.3528,2020-09-08 10:10:19.744,Abertura
6.3425,6.3448,2020-09-08 11:09:19.108,Intermediário
6.3154,6.3177,2020-09-08 12:09:18.168,Intermediário
6.3089,6.3101,2020-09-08 13:03:52.1,Intermediário
6.3287,6.3299,2020-09-08 13:03:52.111,Fechamento
6.2741,6.277,2020-09-09 10:04:20.839,Abertura
6.2625,6.2638,2020-09-09 11:03:19.557,Intermediário
6.2589,6.2618,2020-09-09 12:02:20.479,Intermediário
6.2438,6.2467,2020-09-09 13:07:44.615,Intermediário
6.2604,6.2632,2020-09-09 13:07:44.623,Fechamento
6.2879,6.2892,2020-09-10 10:09:19.547,Abertura
6.2852,6.2864,2020-09-10 11:10:19.035,Intermediário
6.2862,6.289,2020-09-10 12:04:19.816,Intermediário
6.3016,6.3029,2020-09-10 13:08:00.638,Intermediário
6.287,6.2883,2020-09-10 13:08:00.643,Fechamento
6.2364,6.2377,2020-09-11 10:11:18.998,Abertura
6.2587,6.26,2020-09-11 11:03:20.36,Intermediário
6.2515,6.2543,2020-09-11 12:11:19.235,Intermediário
6.2734,6.2762,2020-09-11 13:03:47.932,Intermediário
6.2514,6.2542,2020-09-11 13:03:47.944,Fechamento
6.2933,6.2951,2020-09-14 10:07:22.284,Abertura
6.3142,6.3154,2020-09-14 11:02:17.853,Intermediário
6.2815,6.2843,2020-09-14 12:11:03.558,Intermediário
6.2736,6.2764,2020-09-14 13:11:26.335,Intermediário
6.289,6.2919,2020-09-14 13:11:26.344,Fechamento
6.2165,6.2188,2020-09-15 10:08:18.087,Abertura
6.267,6.2698,2020-09-15 11:07:18.558,Intermediário
6.2589,6.2617,2020-09-15 12:02:18.266,Intermediário
6.263,6.2643,2020-09-15 13:05:23.512,Intermediário
6.2449,6.2462,2020-09-15 13:05:23.52,Fechamento
6.2366,6.2389,2020-09-16 10:09:18.047,Abertura
6.2429,6.2457,2020-09-16 11:07:17.306,Intermediário
6.2056,6.2079,2020-09-16 12:02:18.192,Intermediário
6.1902,6.1925,2020-09-16 13:07:28.879,Intermediário
6.2154,6.2177,2020-09-16 13:07:28.885,Fechamento
6.22,6.2228,2020-09-17 10:06:51.137,Abertura
6.2203,6.2231,2020-09-17 11:09:18.084,Intermediário
6.1974,6.1997,2020-09-17 12:07:19.044,Intermediário
6.2049,6.2077,2020-09-17 13:08:53.943,Intermediário
6.2158,6.2186,2020-09-17 13:08:53.951,Fechamento
6.2338,6.2356,2020-09-18 10:04:17.311,Abertura
6.2506,6.2534,2020-09-18 11:08:17.654,Intermediário
6.2774,6.2802,2020-09-18 12:05:18.839,Intermediário
6.2977,6.2989,2020-09-18 13:07:46.208,Intermediário
6.2698,6.271,2020-09-18 13:07:46.211,Fechamento
6.41,6.4123,2020-09-21 10:11:22.073,Abertura
6.385,6.3879,2020-09-21 11:05:17.098,Intermediário
6.4107,6.4136,2020-09-21 12:03:18.66,Intermediário
6.3744,6.3767,2020-09-21 13:04:34.557,Intermediário
6.3884,6.3907,2020-09-21 13:04:34.571,Fechamento
6.3603,6.3621,2020-09-22 10:04:43.189,Abertura
6.3486,6.3514,2020-09-22 11:06:17.186,Intermediário
6.3522,6.3545,2020-09-22 12:07:17.856,Intermediário
6.4041,6.407,2020-09-22 13:11:36.648,Intermediário
6.3558,6.3587,2020-09-22 13:11:36.656,Fechamento
6.4362,6.4375,2020-09-23 10:06:17.839,Abertura
6.4508,6.4532,2020-09-23 11:07:17.136,Intermediário
6.472,6.4749,2020-09-23 12:08:17.104,Intermediário
6.4798,6.4816,2020-09-23 13:02:28.619,Intermediário
6.4574,6.4592,2020-09-23 13:02:28.624,Fechamento
6.517,6.5194,2020-09-24 10:07:17.7,Abertura
6.4939,6.4968,2020-09-24 11:09:17.526,Intermediário
6.4882,6.4911,2020-09-24 12:03:18.735,Intermediário
6.4482,6.4511,2020-09-24 13:07:27.198,Intermediário
6.4978,6.5007,2020-09-24 13:07:27.204,Fechamento
6.4655,6.4678,2020-09-25 10:08:18.902,Abertura
6.4777,6.479,2020-09-25 11:14:56.978,Intermediário
6.4769,6.4793,2020-09-25 12:09:17.648,Intermediário
6.4637,6.465,2020-09-25 13:09:42.275,Intermediário
6.4661,6.4674,2020-09-25 13:09:42.279,Fechamento
6.4692,6.4722,2020-09-28 10:02:22.617,Abertura
6.4863,6.4893,2020-09-28 11:04:19.475,Intermediário
6.5203,6.5233,2020-09-28 12:11:17.157,Intermediário
6.569,6.572,2020-09-28 13:11:02.024,Intermediário
6.5112,6.5142,2020-09-28 13:11:02.032,Fechamento
6.6249,6.6279,2020-09-29 10:09:17.239,Abertura
6.5939,6.5968,2020-09-29 11:04:17.496,Intermediário
6.6273,6.6292,2020-09-29 12:05:18.571,Intermediário
6.6454,6.6467,2020-09-29 13:09:39.677,Intermediário
6.622,6.6234,2020-09-29 13:09:39.687,Fechamento
6.6191,6.6215,2020-09-30 10:02:18.635,Abertura
6.6041,6.6071,2020-09-30 11:03:17.564,Intermediário
6.5932,6.5961,2020-09-30 12:08:17.68,Intermediário
6.6055,6.6085,2020-09-30 13:06:22.356,Intermediário
6.6102,6.6132,2020-09-30 13:06:22.367,Fechamento
6.6233,6.6251,2020-10-01 10:03:18.193,Abertura
6.6273,6.6303,2020-10-01 11:02:18.109,Intermediário
6.6219,6.6243,2020-10-01 12:09:17.147,Intermediário
6.641,6.6441,2020-10-01 13:05:08.449,Intermediário
6.6311,6.6341,2020-10-01 13:05:08.462,Fechamento
6.6113,6.6125,2020-10-02 10:07:17.975,Abertura
6.5805,6.5823,2020-10-02 11:06:16.395,Intermediário
6.6059,6.6071,2020-10-02 12:02:19.769,Intermediário
6.6465,6.6477,2020-10-02 13:05:45.099,Intermediário
6.6084,6.6097,2020-10-02 13:05:45.109,Fechamento
6.6582,6.6612,2020-10-05 10:02:24.976,Abertura
6.6256,6.6286,2020-10-05 11:09:17.089,Intermediário
6.6271,6.6301,2020-10-05 12:06:17.146,Intermediário
6.6134,6.6164,2020-10-05 13:09:39.891,Intermediário
6.633,6.636,2020-10-05 13:09:39.902,Fechamento
6.5287,6.5317,2020-10-06 10:04:18.033,Abertura
6.5007,6.5037,2020-10-06 11:03:21.526,Intermediário
6.4667,6.4685,2020-10-06 12:04:18.41,Intermediário
6.5199,6.5217,2020-10-06 13:04:38.478,Intermediário
6.5002,6.502,2020-10-06 13:04:38.484,Fechamento
6.5617,6.5641,2020-10-07 10:08:18.616,Abertura
6.6111,6.614,2020-10-07 11:04:17.194,Intermediário
6.5862,6.5874,2020-10-07 12:10:18.374,Intermediário
6.6018,6.6042,2020-10-07 13:04:21.604,Intermediário
6.5893,6.5916,2020-10-07 13:04:21.61,Fechamento
6.6336,6.6347,2020-10-08 10:07:16.708,Abertura
6.6127,6.6157,2020-10-08 11:07:17.127,Intermediário
6.594,6.5969,2020-10-08 12:04:17.818,Intermediário
6.5688,6.57,2020-10-08 13:08:20.191,Intermediário
6.6039,6.6052,2020-10-08 13:08:20.208,Fechamento
6.5489,6.5512,2020-10-09 10:09:17.117,Abertura
6.552,6.5544,2020-10-09 11:09:16.093,Intermediário
6.5335,6.5359,2020-10-09 12:03:16.953,Intermediário
6.5322,6.534,2020-10-09 13:10:18.774,Intermediário
6.5451,6.5469,2020-10-09 13:10:18.779,Fechamento
6.5656,6.5674,2020-10-13 10:05:22.758,Abertura
6.5728,6.5752,2020-10-13 11:05:19.927,Intermediário
6.5614,6.5638,2020-10-13 12:10:18.107,Intermediário
6.5569,6.5592,2020-10-13 13:08:38.836,Intermediário
6.5545,6.5567,2020-10-13 13:08:38.848,Fechamento
6.5396,6.5414,2020-10-14 10:07:19.621,Abertura
6.5487,6.551,2020-10-14 11:07:17.169,Intermediário
6.5369,6.5398,2020-10-14 12:11:21.649,Intermediário
6.556,6.5589,2020-10-14 13:05:44.341,Intermediário
6.5422,6.5452,2020-10-14 13:05:44.348,Fechamento
6.5855,6.5867,2020-10-15 10:10:17.92,Abertura
6.5777,6.5807,2020-10-15 11:05:17.809,Intermediário
6.5506,6.5536,2020-10-15 12:07:18.946,Intermediário
6.5667,6.5691,2020-10-15 13:04:30.291,Intermediário
6.5703,6.5727,2020-10-15 13:04:30.297,Fechamento
6.5827,6.5857,2020-10-16 10:04:18.76,Abertura
6.5955,6.5973,2020-10-16 11:07:17.596,Intermediário
6.5962,6.5986,2020-10-16 12:11:18.251,Intermediário
6.5892,6.5905,2020-10-16 13:04:22.011,Intermediário
6.5867,6.588,2020-10-16 13:04:22.018,Fechamento
6.6234,6.6264,2020-10-19 10:11:18.988,Abertura
6.6005,6.6034,2020-10-19 11:02:19.373,Intermediário
6.5968,6.5997,2020-10-19 12:02:18.803,Intermediário
6.5748,6.5778,2020-10-19 13:10:55.859,Intermediário
6.6022,6.6051,2020-10-19 13:10:55.868,Fechamento
6.5925,6.5938,2020-10-20 10:04:16.93,Abertura
6.6009,6.6033,2020-10-20 11:03:18.524,Intermediário
6.6039,6.6068,2020-10-20 12:07:17.539,Intermediário
6.5941,6.597,2020-10-20 13:05:12.92,Intermediário
6.599,6.6019,2020-10-20 13:05:12.925,Fechamento
6.6485,6.6498,2020-10-21 10:07:17.624,Abertura
6.621,6.6239,2020-10-21 11:10:19.991,Intermediário
6.6511,6.6524,2020-10-21 12:08:19.359,Intermediário
6.6579,6.6603,2020-10-21 13:05:00.78,Intermediário
6.6461,6.6485,2020-10-21 13:05:00.787,Fechamento
6.603,6.6049,2020-10-22 10:09:17.504,Abertura
6.6029,6.6048,2020-10-22 11:02:18.178,Intermediário
6.5947,6.5977,2020-10-22 12:02:19.046,Intermediário
6.5981,6.5993,2020-10-22 13:11:47.817,Intermediário
6.5989,6.6002,2020-10-22 13:11:47.821,Fechamento
6.6254,6.6278,2020-10-23 10:06:18.53,Abertura
6.6477,6.6506,2020-10-23 11:02:19.98,Intermediário
6.6526,6.6544,2020-10-23 12:04:20.016,Intermediário
6.6519,6.6543,2020-10-23 13:10:44.669,Intermediário
6.6445,6.6469,2020-10-23 13:10:44.675,Fechamento
6.6843,6.6873,2020-10-26 10:03:20.239,Abertura
6.6533,6.6546,2020-10-26 11:08:17.523,Intermediário
6.6406,6.6436,2020-10-26 12:02:18.602,Intermediário
6.6343,6.6373,2020-10-26 13:03:19.87,Intermediário
6.6533,6.6563,2020-10-26 13:03:19.882,Fechamento
6.6717,6.6746,2020-10-27 10:07:18.697,Abertura
6.6811,6.6842,2020-10-27 11:07:17.648,Intermediário
6.6809,6.6839,2020-10-27 12:05:18.042,Intermediário
6.6906,6.6936,2020-10-27 13:06:36.92,Intermediário
6.6832,6.6863,2020-10-27 13:06:36.928,Fechamento
6.7205,6.7235,2020-10-28 10:02:18.851,Abertura
6.7152,6.7182,2020-10-28 11:06:17.507,Intermediário
6.7213,6.7243,2020-10-28 12:05:17.01,Intermediário
6.7474,6.7493,2020-10-28 13:03:30.276,Intermediário
6.735,6.7368,2020-10-28 13:03:30.304,Fechamento
6.7675,6.7705,2020-10-29 10:08:18.994,Abertura
6.744,6.747,2020-10-29 11:07:17.345,Intermediário
6.7612,6.7625,2020-10-29 12:10:21.241,Intermediário
6.7377,6.7396,2020-10-29 13:03:31.809,Intermediário
6.7374,6.7393,2020-10-29 13:03:31.816,Fechamento
6.7498,6.7528,2020-10-30 10:11:51.028,Abertura
6.7601,6.7631,2020-10-30 11:04:54.547,Intermediário
6.7359,6.7389,2020-10-30 12:10:18.568,Intermediário
6.7081,6.7111,2020-10-30 13:08:24.658,Intermediário
6.7211,6.7241,2020-10-30 13:08:24.661,Fechamento
6.666,6.6688,2020-11-03 10:08:19.847,Abertura
6.6368,6.6396,2020-11-03 11:07:17.937,Intermediário
6.6503,6.6533,2020-11-03 12:10:19.129,Intermediário
6.6943,6.6962,2020-11-03 13:08:25.382,Intermediário
6.6719,6.6738,2020-11-03 13:08:25.399,Fechamento
6.6747,6.6765,2020-11-04 10:09:18.284,Abertura
6.683,6.6849,2020-11-04 11:04:17.297,Intermediário
6.6694,6.6707,2020-11-04 12:05:18.627,Intermediário
6.6394,6.6406,2020-11-04 13:13:38.24,Intermediário
6.6649,6.6662,2020-11-04 13:13:38.246,Fechamento
6.5989,6.6018,2020-11-05 10:09:48.908,Abertura
6.5815,6.5844,2020-11-05 11:05:18.088,Intermediário
6.576,6.579,2020-11-05 12:08:19.051,Intermediário
6.569,6.5708,2020-11-05 13:09:31.955,Intermediário
6.5768,6.5787,2020-11-05 13:09:31.961,Fechamento
6.6126,6.6144,2020-11-06 10:10:19.229,Abertura
6.595,6.5979,2020-11-06 11:07:17.331,Intermediário
6.5553,6.5566,2020-11-06 12:08:18.425,Intermediário
6.5053,6.5077,2020-11-06 13:07:44.208,Intermediário
6.5655,6.5679,2020-11-06 13:07:44.214,Fechamento
6.2208,6.2232,2020-11-09 10:02:21.637,Abertura
6.2425,6.2438,2020-11-09 11:10:19.408,Intermediário
6.294,6.2958,2020-11-09 12:08:17.973,Intermediário
6.3143,6.3166,2020-11-09 13:08:15.759,Intermediário
6.2454,6.2477,2020-11-09 13:08:15.768,Fechamento
6.3439,6.3462,2020-11-10 10:05:53.842,Abertura
6.3664,6.3693,2020-11-10 11:02:18.827,Intermediário
6.3305,6.3328,2020-11-10 12:07:19.007,Intermediário
6.3262,6.3285,2020-11-10 13:02:36.052,Intermediário
6.3451,6.3474,2020-11-10 13:02:36.057,Fechamento
6.3789,6.3801,2020-11-11 10:09:17.573,Abertura
6.3515,6.3527,2020-11-11 11:08:18.251,Intermediário
6.3368,6.3391,2020-11-11 12:03:16.836,Intermediário
6.3406,6.3419,2020-11-11 13:04:31.222,Intermediário
6.351,6.3522,2020-11-11 13:04:31.235,Fechamento
6.3731,6.376,2020-11-12 10:07:18.387,Abertura
6.3806,6.3819,2020-11-12 11:06:18.047,Intermediário
6.394,6.3968,2020-11-12 12:09:18.336,Intermediário
6.3874,6.3902,2020-11-12 13:07:25.973,Intermediário
6.3873,6.3901,2020-11-12 13:07:25.979,Fechamento
6.4532,6.4561,2020-11-13 10:11:18.653,Abertura
6.4538,6.4556,2020-11-13 11:03:16.758,Intermediário
6.5009,6.5021,2020-11-13 12:10:17.563,Intermediário
6.5198,6.5216,2020-11-13 13:04:35.648,Intermediário
6.483,6.4848,2020-11-13 13:04:35.653,Fechamento
6.3835,6.3864,2020-11-16 10:04:31.322,Abertura
6.3993,6.4017,2020-11-16 11:08:18.342,Intermediário
6.4375,6.4387,2020-11-16 12:04:16.648,Intermediário
6.4197,6.4209,2020-11-16 13:11:21.903,Intermediário
6.4136,6.4149,2020-11-16 13:11:21.917,Fechamento
6.4316,6.4345,2020-11-17 10:09:19.15,Abertura
6.4298,6.4325,2020-11-17 11:11:17.242,Intermediário
6.4081,6.4105,2020-11-17 12:08:17.145,Intermediário
6.3657,6.3685,2020-11-17 13:04:24.249,Intermediário
6.4074,6.4103,2020-11-17 13:04:24.262,Fechamento
6.2921,6.2934,2020-11-18 10:10:18.891,Abertura
6.2882,6.2895,2020-11-18 11:02:18.7,Intermediário
6.2603,6.2615,2020-11-18 12:10:19.056,Intermediário
6.2812,6.2829,2020-11-18 13:02:46.456,Intermediário
6.285,6.2867,2020-11-18 13:02:46.462,Fechamento
6.3563,6.3587,2020-11-19 10:04:17.979,Abertura
6.3138,6.3166,2020-11-19 11:08:18.625,Intermediário
6.2889,6.2901,2020-11-19 12:03:18.672,Intermediário
6.2803,6.2831,2020-11-19 13:10:57.637,Intermediário
6.3125,6.3153,2020-11-19 13:10:57.643,Fechamento
6.3235,6.3263,2020-11-20 10:10:18.794,Abertura
6.3389,6.3413,2020-11-20 11:03:17.34,Intermediário
6.3605,6.3633,2020-11-20 12:03:17.923,Intermediário
6.3654,6.3677,2020-11-20 13:04:31.493,Intermediário
6.3412,6.3436,2020-11-20 13:04:31.497,Fechamento
6.3811,6.3839,2020-11-23 10:05:23.698,Abertura
6.3672,6.369,2020-11-23 11:08:21.004,Intermediário
6.3993,6.4011,2020-11-23 12:03:17.941,Intermediário
6.4067,6.4096,2020-11-23 13:03:25.79,Intermediário
6.3591,6.3619,2020-11-23 13:03:25.81,Fechamento
6.4292,6.4315,2020-11-24 10:04:17.804,Abertura
6.401,6.4038,2020-11-24 11:05:18.974,Intermediário
6.4112,6.4124,2020-11-24 12:11:18.185,Intermediário
6.4,6.4013,2020-11-24 13:03:31.092,Intermediário
6.4151,6.4164,2020-11-24 13:03:31.104,Fechamento
6.3855,6.3879,2020-11-25 10:03:18.058,Abertura
6.3801,6.383,2020-11-25 11:11:19.441,Intermediário
6.3373,6.3401,2020-11-25 12:04:17.611,Intermediário
6.3652,6.368,2020-11-25 13:09:44.222,Intermediário
6.3667,6.3696,2020-11-25 13:09:44.227,Fechamento
6.3433,6.3462,2020-11-26 10:11:18.759,Abertura
6.3334,6.3357,2020-11-26 11:11:18.775,Intermediário
6.3216,6.3244,2020-11-26 12:08:18.726,Intermediário
6.3188,6.3217,2020-11-26 13:09:53.465,Intermediário
6.3302,6.333,2020-11-26 13:09:53.469,Fechamento
6.38,6.3829,2020-11-27 10:02:21.504,Abertura
6.409,6.4118,2020-11-27 11:04:16.927,Intermediário
6.3851,6.3863,2020-11-27 12:05:19.553,Intermediário
6.3626,6.3649,2020-11-27 13:04:23.907,Intermediário
6.3875,6.3899,2020-11-27 13:04:23.917,Fechamento
6.3854,6.3872,2020-11-30 10:11:19.562,Abertura
6.3513,6.3531,2020-11-30 11:04:20.42,Intermediário
6.3656,6.3684,2020-11-30 12:04:18.28,Intermediário
6.4419,6.4448,2020-11-30 13:07:46.125,Intermediário
6.3771,6.3799,2020-11-30 13:07:46.135,Fechamento
6.3415,6.3443,2020-12-01 10:02:18.632,Abertura
6.3416,6.3444,2020-12-01 11:06:17.268,Intermediário
6.3164,6.3176,2020-12-01 12:03:18.46,Intermediário
6.3265,6.3293,2020-12-01 13:07:29.844,Intermediário
6.3498,6.3526,2020-12-01 13:07:29.851,Fechamento
6.3012,6.3035,2020-12-02 10:07:18.669,Abertura
6.3057,6.3079,2020-12-02 11:07:19.925,Intermediário
6.3159,6.3171,2020-12-02 12:06:17.916,Intermediário
6.3108,6.312,2020-12-02 13:04:28.427,Intermediário
6.3121,6.3133,2020-12-02 13:04:28.436,Fechamento
6.3301,6.3329,2020-12-03 10:08:18.365,Abertura
6.2877,6.2905,2020-12-03 11:07:17.969,Intermediário
6.2468,6.2486,2020-12-03 12:07:18.081,Intermediário
6.2335,6.2358,2020-12-03 13:05:32.916,Intermediário
6.2774,6.2797,2020-12-03 13:05:32.922,Fechamento
6.2773,6.2791,2020-12-04 10:08:17.996,Abertura
6.2802,6.283,2020-12-04 11:03:17.575,Intermediário
6.2916,6.2933,2020-12-04 12:05:19.08,Intermediário
6.2759,6.2787,2020-12-04 13:05:12.451,Intermediário
6.2759,6.2787,2020-12-04 13:05:12.458,Fechamento
6.2178,6.2201,2020-12-07 10:05:14.981,Abertura
6.1899,6.1911,2020-12-07 11:08:20.44,Intermediário
6.2067,6.2085,2020-12-07 12:02:18.609,Intermediário
6.1435,6.1463,2020-12-07 13:11:49.823,Intermediário
6.1883,6.191,2020-12-07 13:11:49.83,Fechamento
6.1786,6.1813,2020-12-08 10:05:21.268,Abertura
6.1803,6.182,2020-12-08 11:05:18.371,Intermediário
6.1743,6.176,2020-12-08 12:05:18.675,Intermediário
6.1431,6.1444,2020-12-08 13:07:00.761,Intermediário
6.1677,6.169,2020-12-08 13:07:00.766,Fechamento
6.198,6.1997,2020-12-09 10:09:46.688,Abertura
6.1802,6.182,2020-12-09 11:04:18.025,Intermediário
6.1695,6.1722,2020-12-09 12:06:17.978,Intermediário
6.188,6.1907,2020-12-09 13:10:25.192,Intermediário
6.1727,6.1755,2020-12-09 13:10:25.198,Fechamento
6.1706,6.1733,2020-12-10 10:05:19.281,Abertura
6.1919,6.1946,2020-12-10 11:05:18.276,Intermediário
6.1765,6.1793,2020-12-10 12:03:17.535,Intermediário
6.132,6.1342,2020-12-10 13:04:02.425,Intermediário
6.1686,6.1709,2020-12-10 13:04:02.432,Fechamento
6.1349,6.1376,2020-12-11 10:04:18.776,Abertura
6.1598,6.1616,2020-12-11 11:08:18.039,Intermediário
6.1513,6.1526,2020-12-11 12:09:17.441,Intermediário
6.1163,6.119,2020-12-11 13:09:43.7,Intermediário
6.1354,6.1382,2020-12-11 13:09:43.711,Fechamento
6.11,6.1127,2020-12-14 10:05:20.106,Abertura
6.107,6.1088,2020-12-14 11:04:18.221,Intermediário
6.1767,6.1779,2020-12-14 12:02:17.542,Intermediário
6.1913,6.1936,2020-12-14 13:10:24.867,Intermediário
6.1308,6.1331,2020-12-14 13:10:24.874,Fechamento
6.17,6.1728,2020-12-15 10:11:17.919,Abertura
6.1645,6.1668,2020-12-15 11:05:18.433,Intermediário
6.2066,6.2094,2020-12-15 12:09:18.186,Intermediário
6.204,6.2067,2020-12-15 13:07:48.993,Intermediário
6.1929,6.1957,2020-12-15 13:07:49.009,Fechamento
6.2265,6.2292,2020-12-16 10:06:18.817,Abertura
6.2044,6.2071,2020-12-16 11:09:31.067,Intermediário
6.2192,6.222,2020-12-16 12:03:18.768,Intermediário
6.2415,6.2443,2020-12-16 13:09:38.16,Intermediário
6.2211,6.2238,2020-12-16 13:09:38.167,Fechamento
6.2064,6.2077,2020-12-17 10:09:18.72,Abertura
6.1995,6.2007,2020-12-17 11:10:17.728,Intermediário
6.2067,6.2088,2020-12-17 12:06:18.113,Intermediário
6.1763,6.1791,2020-12-17 13:09:33.722,Intermediário
6.1957,6.1985,2020-12-17 13:09:33.728,Fechamento
6.2476,6.2498,2020-12-18 10:04:20.249,Abertura
6.2431,6.2443,2020-12-18 11:10:19.697,Intermediário
6.2409,6.2421,2020-12-18 12:09:33.945,Intermediário
6.2349,6.2367,2020-12-18 13:11:24.822,Intermediário
6.2369,6.2386,2020-12-18 13:11:24.831,Fechamento
6.3014,6.3037,2020-12-21 10:05:20.225,Abertura
6.279,6.2813,2020-12-21 11:11:20.649,Intermediário
6.2871,6.2899,2020-12-21 12:05:20.961,Intermediário
6.2807,6.2835,2020-12-21 13:09:51.618,Intermediário
6.2962,6.299,2020-12-21 13:09:51.624,Fechamento
6.2953,6.2981,2020-12-22 10:09:18.568,Abertura
6.2834,6.2852,2020-12-22 11:10:30.201,Intermediário
6.3004,6.3027,2020-12-22 12:05:17.816,Intermediário
6.2608,6.2621,2020-12-22 13:09:47.684,Intermediário
6.2651,6.2663,2020-12-22 13:09:47.694,Fechamento
6.2811,6.2839,2020-12-23 10:06:18.963,Abertura
6.2955,6.2967,2020-12-23 11:03:17.551,Intermediário
6.3085,6.3103,2020-12-23 12:09:17.76,Intermediário
6.3335,6.3363,2020-12-23 13:07:33.276,Intermediário
6.3033,6.3061,2020-12-23 13:07:33.284,Fechamento
6.3138,6.3175,2020-12-24 10:08:22.688,Abertura
6.3088,6.3119,2020-12-24 11:05:27.739,Intermediário
6.3116,6.3144,2020-12-24 11:05:27.743,Fechamento
6.3336,6.3349,2020-12-28 10:05:22.696,Abertura
6.3623,6.3651,2020-12-28 11:06:18.121,Intermediário
6.4312,6.4325,2020-12-28 12:04:16.87,Intermediário
6.4749,6.4762,2020-12-28 13:12:02.297,Intermediário
6.3987,6.4,2020-12-28 13:12:02.307,Fechamento
6.381,6.3822,2020-12-29 10:05:19.943,Abertura
6.3477,6.3489,2020-12-29 11:11:17.901,Intermediário
6.3849,6.3877,2020-12-29 12:05:18.05,Intermediário
6.3443,6.3466,2020-12-29 13:06:41.321,Intermediário
6.3585,6.3608,2020-12-29 13:06:41.328,Fechamento
6.3672,6.3701,2020-12-30 10:09:52.082,Abertura
6.4107,6.4135,2020-12-30 11:09:48.365,Intermediário
6.4032,6.405,2020-12-30 12:02:54.387,Intermediário
6.3686,6.3699,2020-12-30 13:09:38.487,Intermediário
6.3922,6.3935,2020-12-30 13:09:38.491,Fechamento
6.3756,6.3779,2020-12-31 10:03:48.423,Abertura
6.3756,6.3779,2020-12-31 10:03:48.429,Fechamento
